FIRE_YEAR,Fire_Name,DISCOVERY,FIRE_SIZE,LATITUDE,LONGITUDE,County_Name,geometry,aspect_degrees,elevation_meters,slope_percent,precip,tmax,tmean,tmin,vpdmax,vpdmin,Cause,fire_size_predictions,fire_size_predictions_norm
2016,CLARK,8/4/2016,2819,37.79888889,-118.9225,Mono County,POINT (-118.922487335 37.79888369100007),255.9637604,2432,521846.3438,3.493000031,21.31399918,12.24000072,3.16899991,22.06200027,3.959000111,Natural,2445.413115,0.534992317
2016,PONY,6/7/2016,2860,41.62305556,-123.5575,Siskiyou County,POINT (-123.557486093 41.62305042200006),91.53891754,1553,4241502,24.9470005,28.73699951,20.5870018,12.43900013,29.13500023,5.242000103,Natural,2746.62046,0.742642468
2016,PINE,6/30/2016,2304,34.63083333,-119.2302778,Ventura County,POINT (-119.230265381 34.63082846900005),24.77514076,1920,2174584.75,,27.42200089,21.46700096,15.51399994,25.9109993,5.890999794,Human,2276.412822,0.418484746
2016,JACOBSON,10/20/2016,1702,36.22777778,-118.5633333,Tulare County,POINT (-118.563320892 36.22777271200005),48.03798676,2225,6416925.5,77.53800201,10.32600021,5.842000484,1.358999968,9.923000336,3.374000072,Human,2370.960109,0.483664957
2016,MEADOW,10/29/2016,4357,35.98666667,-118.5516667,Tulare County,POINT (-118.551654258 35.98666162600006),109.4579773,1652,2241689.5,50.56000137,16.76399994,7.659000397,-1.444000006,15.04800034,1.157999992,Natural,2875.731412,0.831650618
2016,HIDDEN,10/29/2016,2739,36.26444444,-118.6355556,Tulare County,POINT (-118.635543107 36.26443937300007),208.6011505,2455,6213182,70.90899658,10.57400036,5.84800005,1.123000026,10.38199997,3.471999884,Natural,2541.218928,0.601040147
2016,SLATE,10/4/2016,1825,36.09361111,-118.5788889,Tulare County,POINT (-118.578876463 36.09360605700004),300.2770386,2651,2535436.5,70.17299652,10.29699993,5.920000076,1.544999957,9.925000191,3.506000042,Natural,2511.444179,0.580513652
2016,FISH,6/20/2016,4253,34.15138889,-117.9391667,Los Angeles County,POINT (-117.939154526 34.15138400600006),165.0413666,206,1716175.875,,32.02899933,25.44300079,18.85899925,34.81399918,8.409999847,Human,2786.026404,0.769808639
2016,RESERVOIR,6/20/2016,1146,34.18833333,-117.8688889,Los Angeles County,POINT (-117.868876755 34.18832843800004),135,351,286386.9063,,32.04600143,25.35000038,18.65500069,36.77399826,9.876999855,Human,1915.503942,0.169676792
2016,COLEMAN,6/4/2016,2520,36.47444444,-121.2866667,Monterey County,POINT (-121.2866537689999 36.47443952900005),249.1791077,416,1922808.75,,30.27099991,20.06600189,9.862999916,33.23400116,1.996999979,Human,2516.904803,0.584278166
2016,SOUP COMPLEX,9/17/2016,2588,41.29222222,-120.2852778,Modoc County,POINT (-120.285264431 41.29221682100007),246.3294678,1868,2017611.75,70.11499786,13.7670002,7.020000458,0.273000002,11.14799976,0.940999985,Human,2683.094455,0.698848102
2016,SACATA,10/11/2016,1900,36.93305556,-119.2497222,Fresno County,POINT (-119.2497095959999 36.93305046700004),41.12532806,524,4502987.5,47.18199921,20.55200005,13.67900085,6.80700016,16.5340004,2.137000084,Human,2342.5713,0.464093919
2017,INDIAN,8/3/2017,2295,36.24944444,-118.305,Tulare County,POINT (-118.304987604 36.24943935300007),174.739975,2313,4003699.25,9.434000015,18.85499954,11.60800076,4.363999844,16.25900078,2.243000031,Natural,2398.117264,0.502386902
2017,,8/11/2017,2000,41.9175,-123.3152778,Siskiyou County,POINT (-123.315263862 41.91749482100005),170.1410828,1580,4509066.5,23.29500008,23.49900055,17.18700027,10.87699986,22.27899933,5.118999958,Natural,2515.692748,0.583442585
2017,BURNEY,7/26/2017,1642,41.54944444,-123.2858333,Siskiyou County,POINT (-123.285819475 41.54943928300003),182.5307617,1590,4586174,3.505000114,28.64599991,22.31400108,15.9829998,30.7329998,9.906999588,Natural,2445.902523,0.535329712
2017,WILLIE,8/8/2017,3137,40.115,-123.3197222,Trinity County,POINT (-123.319708572 40.11499494600002),254.0546112,802,1842833.5,9.973999977,29.48200035,18.89800072,8.315999985,34.14699936,2.517999887,Natural,2295.258596,0.431476885
2017,MINERVA 5,7/29/2017,4310,39.90555556,-120.9722222,Plumas County,POINT (-120.9722089589999 39.90555033000004),173.0887756,1669,4207259.5,0.441000015,30.79000092,23.43600082,16.08300018,35.45000076,9.012999535,Human,2404.079354,0.506497123
2017,HOLCOMB,6/19/2017,1503,34.27333333,-116.8472222,San Bernardino County,POINT (-116.8472102539999 34.27332837000006),160.2011261,2079,1008885.25,9.583999634,26.4090004,18.69900131,10.98999977,26.53199959,5.584000111,Human,1809.47393,0.096580474
2017,CALDWELL,9/1/2017,1383,35.75,-118.4,Kern County,POINT (-118.399987636 35.74999497100004),311.6335449,950,2438496.75,0.335999995,26.34199905,16.68400002,7.028999805,29.98800087,5.061999798,Natural,2459.761667,0.544884105
2017,FORK,8/7/2017,3532,40.83888889,-122.9783333,Trinity County,POINT (-122.9783196289999 40.83888375500004),0.836375296,2241,3468287,11.96100044,20.28100014,14.99900055,9.718000412,17.68199921,5.181000233,Natural,2503.836147,0.57526873
2017,MCCORMICK,8/18/2017,4426,38.37333333,-119.8961111,Alpine County,POINT (-119.896098218 38.37332814800004),159.7370758,2054,3764151.5,74.68800354,20.13299942,13.67400074,7.217000008,18.58399963,4.138999939,Natural,2775.961187,0.762869751
2017,CREEK,9/3/2017,1609,38.11666667,-119.9333333,Tuolumne County,POINT (-119.933320462 38.11666151400004),334.3933411,2139,6091247,15.36999989,17.36499977,10.16300011,2.963000059,16.30800056,4.56099987,Natural,2281.136226,0.421741026
2017,CANYON,9/25/2017,2661,33.87055556,-117.6844444,Orange County,POINT (-117.6844323619999 33.87055069300004),43.25548935,188,3527773.75,,30.03899956,22.4260006,14.81400013,34.88499832,6.690999985,Human,2616.102996,0.652664678
2017,ISLAND,6/26/2017,4500,41.43333333,-123.1527778,Siskiyou County,POINT (-123.152763963 41.43332816900005),350.485199,1583,6814418.5,5.105999947,26.86100006,20.12100029,13.38199997,24.95499992,7.327000141,Natural,2814.593216,0.789502391
2017,,7/27/2017,4489.25,41.78277778,-121.1363889,Modoc County,POINT (-121.136375328 41.78277241700005),270,1378,0,20.45499992,30.9109993,20.31800079,9.727999687,35.8730011,2.611000061,Natural,2330.50447,0.455775134
2017,RIMROCK,7/24/2017,1492.92,41.97111111,-120.9997222,Siskiyou County,POINT (-120.9997086499999 41.97110572000003),300.9637451,1439,73800.21875,15.44699955,30.59300041,20.25400162,9.916999817,36.0340004,3.426000118,Natural,2146.276382,0.328769632
2017,UKONOM,7/25/2017,4238,41.59666667,-123.4916667,Siskiyou County,POINT (-123.491652777 41.59666152800003),208.5658417,669,2593961.25,1.279000044,34.24000168,24.73300171,15.22799969,43.60699844,5.951000214,Natural,2683.388121,0.699050554
2017,,8/7/2017,3142,41.84027778,-123.6886111,Del Norte County,POINT (-123.68859715 41.84027263900003),6.608464241,1498,4179142.75,61.98899841,21.12800026,16.00699997,10.88700008,18.31500053,5.355000019,Natural,2780.226463,0.765810202
2017,DUTCHMAN,8/8/2017,1522,40.18444444,-123.3630556,Trinity County,POINT (-123.363041896 40.18443938400003),275.355835,765,813576.375,10.73499966,29.19199944,18.4810009,7.772999763,33.75500107,1.932000041,Natural,2055.77729,0.266380217
2017,GARDEN,7/30/2017,1350,35.51694444,-118.6336111,Kern County,POINT (-118.633598729 35.51693945000005),20.67247391,1361,6560898.5,,30.23800087,23.15800095,16.07999992,33.65399933,8.241000175,Human,2200.149839,0.365909601
2017,HIGHWAY,6/18/2017,1533,35.57916667,-118.5672222,Kern County,POINT (-118.567209845 35.57916166900003),86.8939743,797,1635107.625,0.326999992,33.49700165,25.59900093,17.70199966,42.55099869,10.6789999,Human,2216.4988,0.377180455
2017,CHILCOOT,8/6/2017,1021,39.78,-120.1427778,Sierra County,POINT (-120.142764669 39.77999471400005),285.255127,1535,288615.625,32.50400162,24.18099976,15.46500111,6.750999928,25.83699989,2.930000067,Natural,2038.061797,0.254167285
2016,SAGE,7/9/2016,1109,34.3674,-118.5618,Los Angeles County,POINT (-118.5617877339999 34.36739512800006),135,451,483277.9063,,33.55500031,25.03600121,16.5189991,40.90000153,5.375999928,Human,1706.115749,0.025326096
2017,GATE,5/20/2017,1952.1,32.655,-116.809,San Diego County,POINT (-116.808988164 32.65499522900006),62.24145889,251,543498.875,,29.57999992,21.57900047,13.57900047,28.75600052,2.638000011,Human,1972.702194,0.20910885
2016,CHIMNEY,6/1/2016,1324,35.835,-118.0444,Tulare County,POINT (-118.044387688 35.83499493900007),186.9529572,1687,522766.4375,0.437999994,31.22200012,24.03000069,16.8390007,40.59500122,13.88500023,Human,1922.514499,0.174509819
2016,SODA,6/4/2016,1995.4,35.0397,-119.6008,Kern County,POINT (-119.600787504 35.03969511900004),39.98688507,735,1024171.063,,33.68299866,26.06800079,18.45400047,46.47499847,12.02700043,Human,1821.391703,0.1047965
2016,CURRY,7/1/2016,2900,36.0974,-120.467911,Fresno County,POINT (-120.467898265 36.09739506900007),333.0779724,365,3633930.75,,35.2879982,26.14300156,17,49.06999969,10.86400032,Human,2375.890766,0.487064116
2016,CLAYTON,8/13/2016,3929,38.8997,-122.6044,Lake County,POINT (-122.6043866209999 38.89969497900006),101.3099289,418,129072.8359,,30.74500084,20.47800064,10.21100044,36.08000183,3.73300004,Human,2720.346907,0.724529672
2016,SAWMILL,9/25/2016,1547,38.8053,-122.8103,Sonoma County,POINT (-122.810286602 38.80529500300003),216.8699036,554,3923556.25,246.3880005,18.07600021,14.5010004,10.92700005,12.21199989,3.427000046,Human,2679.934233,0.696669468
2016,MARSHES,9/26/2016,1080,37.79348,-120.29877,Tuolumne County,POINT (-120.298757111 37.79347490000004),59.53445435,575,998511.25,94.79599762,23.13199997,16.02799988,8.925999641,20.06999969,2.372999907,Human,1982.652696,0.215968654
2017,HILL,6/26/2017,1564.1,35.4025,-120.4992,San Luis Obispo County,POINT (-120.4991873279999 35.40249513800006),57.09475708,555,256277.2813,,36.0719986,23.9070015,11.74300003,50.12400055,3.757999897,Human,1918.088867,0.17145882
2017,DERRICK,4/2/2017,1530,36.2169,-120.4589,Fresno County,POINT (-120.458887255 36.21689505800003),172.3039551,311,472551.9688,2.552999973,28.21899986,19.73500061,11.2510004,30.7689991,4.673999786,Human,2225.405605,0.383320742
2017,QUAIL COMPLEX,7/6/2017,1626,35.55914,-119.0889,Kern County,POINT (-119.08888754 35.55913503400006),213.6900635,176,182536.5469,,36.7519989,28.9620018,21.17399979,48.56499863,10.1079998,Human,2359.30669,0.475631175
2017,,7/7/2017,2940,35.76948,-118.92537,Kern County,POINT (-118.925357547 35.76947500200004),119.2192459,310,855610.8125,1.220000029,37.22100067,28.31000137,19.39900017,50.74000168,8.501999855,Natural,2367.552983,0.481316109
2017,PARK,7/17/2017,1650,36.03255,-120.476,Fresno County,POINT (-120.475987271 36.03254507600008),29.82708549,706,1094195,,36.13899994,27.47200203,18.80699921,49.05599976,11.56700039,Human,1880.824214,0.14576884
2017,HUDSON,7/18/2017,1182.4,34.9608,-119.4475,Kern County,POINT (-119.447487536 34.96079511800008),349.5625305,900,978088.3125,1.085999966,31.6079998,25.22300148,18.8390007,36.63399887,10.64900017,Human,2279.924484,0.42090566
2017,PONDEROSA,8/29/2017,4016,39.5653,-121.2855,Butte County,POINT (-121.2854867359999 39.56529482300004),215.0834808,461,2598404,4.857999802,28.51399994,21.93200111,15.35099983,30.6079998,7.925000191,Human,2755.38529,0.748684878
2016,LAKES,6/26/2016,1000,37.5936,-119.5594,,POINT (-119.559387253 37.59359486600005),233.6371307,2382,1430255.5,,23.38299942,16.07999992,8.779999733,22.79599953,4.690999985,Natural,1938.201153,0.185324084
2016,METZ,5/22/2016,3876,36.402049,-121.255614,Monterey County,POINT (-121.255601112 36.40204409300003),191.8214874,63,1112056.375,,30.39500046,20.52100182,10.64799976,34.88399887,3.11500001,Human,3017.314272,0.929256811
2016,,6/25/2016,1246,37.068124,-121.213195,Merced County,POINT (-121.213182048 37.06811903000005),329.0362549,416,295200.875,,33.05599976,25.33800125,17.62000084,41.90800095,11.13199997,Natural,1858.299528,0.130240485
2016,BOGART,8/30/2016,1470,33.976061,-116.955061,Riverside County,POINT (-116.955049039 33.97605608000003),188.3929291,917,780412.5,3.059999943,29.47200012,22.01200104,14.55200005,33.77099991,5.866000175,Missing data/not specified/undetermined,1808.687799,0.096038521
2016,WILLARD,9/11/2016,2575,40.368367,-120.801883,Lassen County,POINT (-120.801869702 40.36836171800007),245.8858032,1476,1456008,108.9160004,15.48499966,8.752000809,2.020999908,12.27200031,1.286000013,Missing data/not specified/undetermined,2582.362458,0.629404197
2016,LOMA,9/26/2016,4474,37.104221,-121.83714,Santa Clara County,POINT (-121.837126948 37.10421607100005),97.27873993,760,4095785,228.0780029,18.87800026,14.84000111,10.8039999,12.94200039,3.114000082,Missing data/not specified/undetermined,2878.656088,0.833666868
2016,DEER,7/1/2016,1785,35.216666,-118.716666,Kern County,POINT (-118.716653633 35.21666104600007),277.6506653,393,855610.8125,,33.82799911,25.9640007,18.10199928,44.35200119,10.875,Missing data/not specified/undetermined,1761.098888,0.063231072
2017,LATROBE INCIDENT,7/26/2017,1268,38.518181,-121.104004,Sacramento County,POINT (-121.1039908979999 38.51817589600006),19.86704445,67,1601451.75,,34.7859993,25.84400177,16.90399933,41.33499908,5.05700016,Human,1920.100013,0.17284529
2017,ROADRUNNER,7/30/2017,2289,36.027563,-118.962703,Tulare County,POINT (-118.962690516 36.02755797800006),110.3638687,456,3091588.25,0.244000003,37.06399918,28.66900063,20.27599907,49.51599884,8.498000145,Human,2546.439615,0.604639251
2017,PALMER,9/2/2017,3800,33.958773,-117.065192,Riverside County,POINT (-117.0651800209999 33.95876808800006),344.744873,646,144307.8125,0.326999992,29.33399963,21.51900101,13.70600033,36.14699936,7.743000031,Human,2804.764356,0.782726446
2017,OPERA,4/30/2017,1350,34.005594,-117.306393,Riverside County,POINT (-117.306380976 34.00558909600005),295.9064941,372,984943,4.188000202,25.91500092,18.90800095,11.90299988,24.17200089,2.868999958,Human,1959.619938,0.200090038
2017,OAKWOOD,6/10/2017,1417,37.08226,-119.806851,Madera County,POINT (-119.806838269 37.08225493100008),258.6900635,218,193609.25,,39.0870018,28.87400055,18.66200066,59.32799911,8.425000191,Human,2299.07603,0.434108596
2017,PARKFIELD,7/8/2017,1816,35.793987,-120.679048,Monterey County,POINT (-120.679035262 35.79398211200004),282.3807678,270,531277.125,,35.40499878,24.54500198,13.68799973,46.75299835,3.523999929,Human,1875.526692,0.142116767
2017,MISSION,9/3/2017,1037,37.219722,-119.4725,Madera County,POINT (-119.472487309 37.21971689500003),204.6768646,941,1030719.375,5.238999844,24.72200012,17.46600151,10.21100044,24.15399933,5.761000156,Human,1936.078785,0.183860939
2017,WINTER,7/6/2017,1700,38.49495,-122.025473,Yolo County,POINT (-122.025459758 38.49494496700004),180.6585388,55,1101199.75,,35.74599838,25.69800186,15.65299988,44.2179985,4.347000122,Human,2049.272154,0.261895623
2017,,5/12/2017,1733,37.046933,-120.96031,Merced County,POINT (-120.960297089 37.04692801500005),297.1213074,82,583029.9375,1.226999998,32.51499939,24.73400116,16.95400047,37.99000168,7.024000168,Natural,2024.914823,0.245103857
2017,BLAINE,8/13/2017,1500,33.982631,-117.308115,Riverside County,POINT (-117.308102977 33.98262609900007),215.8376465,375,562045.6875,5.290999889,30.27300072,23.68500137,17.09700012,31.43600082,4.820000172,Missing data/not specified/undetermined,1815.412543,0.10067451
2017,LILAC 5,12/7/2017,4100,33.533333,-117.266666,San Diego County,POINT (-117.26665402 33.53332814900006),320.1944275,537,197702.9219,337.1640015,25.54100037,19.09600067,12.65100098,23.99300194,3.737000227,Missing data/not specified/undetermined,2640.148308,0.669241341
2017,,6/16/2017,1412,34.449679,-119.769813,Santa Barbara County,POINT (-119.769800529 34.44967418900006),120.0685806,68,277870.0313,,25.66600037,20.14400101,14.6239996,12.29500008,0.921000004,Natural,2681.174236,0.697524317
2017,,9/25/2017,2000,34.449679,-119.769813,Santa Barbara County,POINT (-119.769800529 34.44967418900006),120.0685806,68,277870.0313,,26.55800056,19.05700111,11.55700016,26.39500046,3.720999956,Natural,2610.924527,0.64909468
2017,RANGE,6/5/2017,1972,35.94694,-121.16972,Monterey County,POINT (-121.169707171 35.94693513000004),191.3099365,277,64536.41797,,37.32600021,24.75200081,12.1789999,55.5379982,5.18599987,Human,2306.122378,0.438966297
2017,,10/9/2017,3000,39.39056,-121.40833,Butte County,POINT (-121.408316739 39.39055484700003),242.3540192,231,300044.9688,181.5559998,16.67499924,12.59100056,8.508000374,7.333000183,0.38499999,Natural,2676.431307,0.694254577
2017,THIRTY SEVEN,10/9/2017,1660,38.15139,-122.43528,Sonoma County,POINT (-122.4352667379999 38.15138502600007),135,2,35798.36328,82.20600128,17.63899994,12.77900028,7.919000149,7.920000076,0.347000003,Missing data/not specified/undetermined,2628.676854,0.661333005
2017,SULFUR,10/9/2017,2500,39.0025,-122.69,Lake County,POINT (-122.689986595 39.00249497800007),180,405,25313.26563,128.0399933,15.94699955,10.69200039,5.438000202,8.487999916,0.700999975,Missing data/not specified/undetermined,2567.904071,0.61943669
2017,,10/9/2017,1000,38.3138333,-122.3756667,Napa County,POINT (-122.375653427 38.31382830900003),127.0928345,211,650555.875,117.3130035,17.00300026,12.5170002,8.032999992,7.947999954,0.512000024,Natural,2281.440077,0.421950499
2017,TARINA,6/30/2017,1200,35.39694,-118.8225,Kern County,POINT (-118.8224875989999 35.39693503400008),26.56505203,290,962237.125,,38.29299927,30.04600143,21.8010006,55.97800064,13.61400032,Missing data/not specified/undetermined,2087.161652,0.288016367
2016,STONY,6/2/2016,3000,36.00234,-121.2533,Monterey County,POINT (-121.253287152 36.00233513000006),84.80557251,326,139797.0781,,36.82600021,23.9980011,11.17099953,55.33499908,5.701000214,Missing data/not specified/undetermined,2483.703193,0.561389218
2016,CAMP ROBERTS,5/18/2016,3712,35.7736111,-120.8219444,San Luis Obispo County,POINT (-120.821931642 35.77360622300006),116.5650482,200,113204.3672,,34.72700119,22.58400154,10.44299984,48.98400116,2.51699996,Missing data/not specified/undetermined,2663.368993,0.685249513
2016,ROBLAR,7/21/2016,1245,33.4175,-117.3680556,San Diego County,POINT (-117.368043612 33.41749516800007),132.0891571,494,5287080,,28.29000092,23.62700081,18.9640007,23.36199951,6.135000229,Missing data/not specified/undetermined,2038.373914,0.254382456
2018,GEORGES,7/8/2018,2941,36.64583333,-118.2211111,Inyo County,POINT (-118.221098688 36.64582819600002),343.0724792,1850,1825716.5,3.463000059,30.9470005,24.0510006,17.15600014,37.08200073,12.24100018,Natural,2347.615911,0.467571637
2018,FRONT,8/19/2018,1014,35.12027778,-120.1019444,San Luis Obispo County,POINT (-120.101931857 35.12027292100004),231.2258301,404,990295.5625,,32.2820015,23.44400024,14.60700035,39.95100021,7.393000126,Human,1745.210531,0.052277754
2018,ALDER,10/4/2018,2682,36.2025,-118.4561111,Tulare County,POINT (-118.4560986929999 36.20249492800008),227.87677,1766,3566431.5,140.5930023,15.90100002,6.101000309,-3.697000027,14.39299965,1.273000002,Natural,2729.854382,0.731084056
2018,STONE,6/4/2018,1436,34.53916667,-118.3086111,Los Angeles County,POINT (-118.308598871 34.53916176400003),298.7203369,870,2107091.75,,34.18000031,27.21000099,20.24099922,42.33000183,12.11600018,Human,1917.020564,0.17072234
2018,KERLIN,9/4/2018,1751,40.61583333,-123.5241667,Trinity County,POINT (-123.524152921 40.61582825700003),69.98123932,1050,3475392.5,28.8239994,19.36800003,13.49600029,7.624000072,15.91499996,3.599999905,Human,2342.145174,0.463800151
2018,VALLEY,7/6/2018,1343,34.09805556,-116.9580556,San Bernardino County,POINT (-116.9580435889999 34.09805062600003),205.5191956,1414,5581905,4.796000004,28.55599976,21.7820015,15.00899982,27.07799911,5.511000156,Human,1819.877442,0.103752579
2018,NORTH,9/3/2018,1120,39.02722222,-120.6558333,Placer County,POINT (-120.655820235 39.02721703800006),141.7098389,623,3676615.75,24.30900002,22.97100067,16.68000031,10.39099979,21.11199951,5.579999924,Human,2323.157476,0.45071017
2018,PATTERSON,5/17/2018,1261,33.6292,-117.06,Riverside County,POINT (-117.059988048 33.62919512600007),229.0856171,488,251226.9844,,30.24699974,21.67200089,13.09899998,31.63999939,2.068000078,Human,1835.401365,0.114454659
2018,CHARLIE,9/22/2018,3388,34.4961,-118.5861,Los Angeles County,POINT (-118.586087719 34.49609511500006),304.045929,420,1695516.5,4.630000114,26.97100067,19.86600113,12.76200008,27.58200073,5.039000034,Human,2550.383671,0.607358254
2018,PLEASANT,2/11/2018,2068,37.412486,-118.515,Inyo County,POINT (-118.514987446 37.41248080900004),60.4885025,1317,1541617.375,38.64500046,15.57499981,8.266000748,0.959999979,14.89500046,2.267999887,Human,2330.699089,0.455909303
2018,SNELL,9/8/2018,2490,38.73,-122.3997,Napa County,POINT (-122.399686673 38.72999497700005),51.61346054,197,1243316.875,20.8239994,26.17499924,17.93200111,9.690999985,24.7840004,2.926000118,Human,2544.744621,0.603470734
2018,MILL CREEK 1,8/16/2018,3674,41.0797,-123.6881,,POINT (-123.688086158 41.07969491000006),225,108,536975.4375,16.00600052,30.34600067,20.09900093,9.852999687,35.04499817,2.453999996,Human,2931.869371,0.870351718
2018,EDEN,10/4/2018,1777,36.40984,-118.7368,,POINT (-118.7367875149999 36.40983492500004),21.34868622,1725,5354099.5,136.0370026,15.94799995,11.51400089,7.080999851,13.36400032,5.506999969,Natural,2325.129459,0.452069641
2018,EAGLE,7/14/2018,2098,41.27936,-120.11657,Modoc County,POINT (-120.11655668 41.27935458700006),335.4328308,1505,1948299.375,0.203999996,29.42000008,19.6950016,9.970999718,36.55799866,6.546999931,Human,2519.996205,0.586409356
2018,CREEK,6/24/2018,1678,40.507331,-122.399622,Shasta County,POINT (-122.399608434 40.50732584000008),154.2900391,137,379276.875,,39.11199951,30.39700127,21.68300056,60.00899887,10.24600029,Natural,2586.457468,0.632227267
2018,SUN,10/7/2018,3889,40.2608,-122.1383,Tehama County,POINT (-122.138286509 40.26079483700005),211.7594757,239,312595.7813,128.3650055,20.23800087,13.552001,6.867000103,18.68300056,4.710000038,Human,2852.756587,0.815811941
2018,NEES,5/2/2018,1756,36.86003,-120.780445,Merced County,POINT (-120.780432138 36.86002501900003),32.47119141,117,495066.9063,,32,22.78100014,13.56200027,38.27199936,5.752999783,Human,2150.804012,0.331890947
2018,APPLE,6/9/2018,2956,39.943551,-122.357103,Tehama County,POINT (-122.35708952 39.94354587900006),326.6893616,147,530069.6875,,37.95500183,30.05600166,22.15800095,53.62200165,11.32199955,Human,2660.215656,0.683075625
2018,PLANADA,6/15/2018,4563,37.342207,-120.310908,Merced County,POINT (-120.31089516 37.34220194200003),270,75,0,,36.84199905,27.49500084,18.14900017,48.76900101,7.006000042,Human,2708.860168,0.716610797
2018,AIRLINE,6/4/2018,1314,36.407554,-120.993223,San Benito County,POINT (-120.993210152 36.40754907500008),257.9693909,537,789392.4375,,36.45000076,25.91400146,15.37800026,51.09600067,8.423000336,Human,1774.810919,0.072684046
2018,CHROME,6/9/2018,2290,39.663439,-122.52577,Glenn County,POINT (-122.5257565319999 39.66343391400005),95.90614319,200,369001.0938,,37.37900162,28.63000107,19.88199997,52.24700165,9.663000107,Human,2582.304815,0.629364459
2018,NELSON,8/10/2018,2162,38.312621,-121.994241,Solano County,POINT (-121.994227785 38.31261598000003),248.5323486,137,1210413.5,,31.90200043,21.92300034,11.94499969,37.53699875,2.486999989,Human,2490.472056,0.566055623
2018,MOFFAT,4/19/2018,1065,36.7072,-118.095833,Inyo County,POINT (-118.095820593 36.70719485200004),315,1124,53697.54688,5.625,27.48800087,20.21100044,12.93400002,32.43600082,7.868999958,Missing data/not specified/undetermined,2053.527324,0.264829106
2018,LANE,6/23/2018,3996.8,40.337359,-121.913889,Tehama County,POINT (-121.913875532 40.33735381300005),168.8708038,565,1573703.5,,37.59500122,29.68600082,21.77700043,54.4620018,12.38899994,Missing data/not specified/undetermined,2564.921909,0.61738081
2018,HILL,11/8/2018,4381.2,34.22622,-118.93003,Ventura County,POINT (-118.9300176839999 34.22621516400005),133.1817017,79,1128216.5,47.88899994,19.21999931,13.63500023,8.052000046,14.83399963,2.357000113,Human,3119.930948,1
2018,TARINA,8/3/2018,3516,35.4,-118.77,Kern County,POINT (-118.769987608 35.39999503100006),139.5139923,477,1364570.5,,32.4620018,23.34200096,14.22299957,40.64300156,9.204000473,Missing data/not specified/undetermined,2405.140896,0.507228943
2018,TURKEY,8/6/2018,2225,35.8,-120.36,Monterey County,POINT (-120.359987312 35.79999509100003),62.1027298,373,243455.1875,,33.42399979,21.27500153,9.126999855,44.14500046,3.621999979,Missing data/not specified/undetermined,2167.170165,0.343173654
2018,PENDLETON COMPLEX,7/6/2018,1520,33.38,-117.43,San Diego County,POINT (-117.4299880039999 33.37999517500003),225,256,1539329.625,,29.52700043,24.04700089,18.56800079,23.39500046,2.881999969,Missing data/not specified/undetermined,1991.197324,0.221859258
2018,BUTTE FIRE,7/31/2018,1200,39.19,-121.8,Sutter County,POINT (-121.799986705 39.18999489400005),175.8150787,99,520309.2188,,33.05099869,24.57900047,16.10899925,37.42499924,4.999000072,Missing data/not specified/undetermined,1860.741898,0.131924237
2017,BULL ROCK,6/29/2017,1200,35.9579,-121.2701,Monterey County,POINT (-121.270087154 35.95789513500006),211.8274536,415,863994.8125,,36.78900146,24.36800194,11.94799995,53.77399826,4.997000217,Missing data/not specified/undetermined,1915.338494,0.169562733
2019,CAPLES,10/10/2019,3434,38.72388889,-120.1455556,El Dorado County,POINT (-120.145542585 38.72388369500004),155.0952301,2229,1562876.375,76.06900024,11.53199959,4.960400105,-1.610999942,11.22099972,3.614000082,Human,2563.527182,0.616419295
2019,MIDDLE,9/5/2019,1339,40.88694444,-123.0138889,Trinity County,POINT (-123.0138751759999 40.88693930500006),203.0867462,1346,6810468,13.00800037,15.08699989,9.701399803,4.315999985,12.47999954,3.789999962,Natural,2048.491047,0.261357134
2019,COW,7/25/2019,2025,36.28388889,-118.2275,Tulare County,POINT (-118.227487613 36.28388379400008),93.51374817,2882,2891147.25,,24.4260006,14.36800003,4.309999943,23.70000076,2.190000057,Natural,2156.15769,0.335581733
2019,SPRINGS,7/26/2019,4840,37.82583333,-118.8722222,Mono County,POINT (-118.87220956 37.82582812400005),13.39249802,2657,273219.1563,1.950000048,24.4109993,15.84039974,7.269999981,26.30400085,6.915999889,Natural,2098.931579,0.296130469
2019,LIME,9/5/2019,1872,41.86666667,-122.6686111,Siskiyou County,POINT (-122.668597297 41.86666143600007),168.8914642,1142,2824726.75,16.87400055,15.14799976,8.91989994,2.691999912,12.87699986,2.41899991,Natural,2155.869979,0.335383388
2019,CAVE,11/25/2019,3126,34.51444444,-119.7927778,Santa Barbara County,POINT (-119.7927653 34.51443962400003),120.4655457,872,1997022.5,195.7089996,14.64400005,11.30039978,7.956999779,9.309000015,2.546000004,Human,2404.004314,0.506445391
2019,TICK,10/24/2019,4615,34.47277778,-118.3677778,Los Angeles County,POINT (-118.367765537 34.47277288500004),128.2901611,628,919153.9375,54.99000168,22.02499962,15.2883997,8.552000046,23.84600067,6.289000034,Human,2670.927265,0.69046013
2019,BOULDER,6/5/2019,1100,35.33605,-119.91843,San Luis Obispo County,POINT (-119.918417426 35.33604510900005),183.8140717,657,190270.9063,,34.44800186,23.76799965,13.0880003,44.99100113,5.123000145,Natural,1964.118205,0.203191111
2019,SAND,6/8/2019,2512,38.889781,-122.239222,Yolo County,POINT (-122.239208677 38.88977595200004),51.34019089,129,162083.9844,,32.73799896,24.24939919,15.76099968,37.47399902,5.888999939,Natural,2144.15643,0.327308152
2019,W-1 MCDONALD,8/8/2019,1020,40.9569,-120.305,Lassen County,POINT (-120.3049866969999 40.95689462900003),197.40271,1843,888672.3125,46.93299866,20.45199966,12.77839947,5.105000019,19.15099907,2.096999884,Natural,1947.832177,0.191963642
2019,R-1  RANCH,8/28/2019,3343,40.5897,-120.5761,Lassen County,POINT (-120.5760867069999 40.58969468200007),186.3401947,1562,114610.6875,50.20399857,22.30800056,13.43949986,4.571000099,21.9659996,1.636000037,Natural,2472.511822,0.553673969
2019,RANCH,11/3/2019,2534,40.0614,-122.6258,Tehama County,POINT (-122.6257864629999 40.06139489200007),192.5288086,369,233376.7813,159.1759949,11.62199974,7.997399807,4.373000145,5.895999908,0.846000016,Human,2515.969251,0.583633204
2019,LONG VALLEY,8/24/2019,2438,39.8797,-120.0253,Lassen County,POINT (-120.025286895 39.87969469600006),296.5650635,1396,396215.2813,30.04199982,24.61700058,15.7074995,6.797999859,26.07999992,2.854000092,Human,1924.747954,0.176049546
2019,REFUGE,5/7/2019,3283.9,35.722205,-119.639062,Kern County,POINT (-119.6390494349999 35.72220005200006),18.43494797,68,40023.78516,0.01,33.86500168,25.54899979,17.2329998,40.1590004,6.146999836,Human,2411.771321,0.511799909
2020,,6/28/2020,2192,37.381805,-120.735904,Merced County,POINT (-120.735891088 37.38179996900004),161.5650482,38,40023.78516,,34.7159996,25.30439949,15.89299965,43.37599945,4.302999973,Natural,2254.408158,0.403314891
2019,,9/5/2019,3866,33.933333,-117.416666,Riverside County,POINT (-117.416653963 33.93332811100004),333.4349365,248,169806.5469,,28.98900032,20.26739883,11.54599953,34.51200104,6.190000057,Natural,2852.870626,0.815890559
2019,TENAJA,9/4/2019,1926.01,33.739474,-116.398668,Riverside County,POINT (-116.398656155 33.73946907700002),63.43494797,62,56602.18359,,31.99500084,23.98349953,15.97200012,43.57500076,10.63700008,Missing data/not specified/undetermined,2209.226586,0.372167044
2019,,5/20/2019,3456,33.837875,-118.123266,Los Angeles County,POINT (-118.12325385 33.83787016100007),180,13,50626.53125,1.422000051,23.72800064,20.26039886,16.79299927,14.00199986,2.947000027,Natural,2834.708966,0.803370042
2019,,7/8/2019,1010,35.632904,-120.276504,San Luis Obispo County,POINT (-120.2764913409999 35.63289910200007),243.9246368,508,662269.75,,35.0530014,23.34999847,11.64700031,46.16199875,3.105000019,Natural,1706.361173,0.02549529
2020,,8/17/2020,1167,39.505488,-121.588727,Butte County,POINT (-121.588713696 39.50548285200006),210.9637604,55,73800.21875,,33.22800064,24.67539978,16.12299919,39.99200058,5.453999996,Natural,1949.064538,0.192813222
2020,,8/18/2020,1783,38.337998,-120.516053,Calaveras County,POINT (-120.516040012 38.33799286700003),71.56504822,834,80047.57031,,32.19599915,24.54439926,16.89299965,38.48400116,9.274000168,Natural,1895.666384,0.156000924
2020,,4/27/2020,1200.33,38.223181,-122.25796,,POINT (-122.257946756 38.22317600700006),273.8140869,21,190270.9063,27.94400024,25.52400017,17.40250015,9.281000137,20.86100006,0.721000016,Natural,2637.072164,0.66712067
2020,AIRPORT,12/1/2020,1087,33.894568,-117.59817,Riverside County,POINT (-117.598157935 33.89456312500005),306.8699036,164,126566.3281,248.2649994,26.40379906,18.93809891,11.47259998,25.6785984,2.677199841,Human,2432.535856,0.526114829
2020,,12/13/2020,1954,33.728713,-116.397662,Riverside County,POINT (-116.3976501559999 33.72870807800007),45,61,53697.54688,106.9708939,30.05919838,23.25139999,16.44389915,39.7016983,10.89659977,Natural,2273.149211,0.416234836
2020,,8/16/2020,4279,37.117777,-121.634164,,POINT (-121.634150978 37.11777205500005),225,100,35798.36328,,30.08200073,21.73699951,13.3920002,30.50300026,2.030999899,Natural,3034.541154,0.941132898
2020,WALKER,6/16/2020,1455,37.914902,-120.616608,Calaveras County,POINT (-120.616595046 37.91489691200007),236.7251129,254,968873.3125,,35.15800095,26.52249908,17.88699913,46.4109993,8.184000015,Human,1810.382908,0.097207116
2020,,8/16/2020,3730,37.144945,-121.666485,,POINT (-121.66647197 37.14494005500006),251.5650482,107,40023.78516,,29.7859993,21.20689964,12.62800026,28.97400093,1.113999963,Natural,3033.216255,0.940219522
2020,,7/15/2020,1486,36.487114,-121.939707,Monterey County,POINT (-121.9396939979999 36.48710913200006),284.6900024,171.9651031,667561.125,,16.91699982,15.34449959,13.77200031,3.224999905,1.243999958,Natural,2388.57633,0.495809452
2020,,6/6/2020,1944.1,39.121601,-122.839494,Lake County,POINT (-122.8394805569999 39.12159598100004),197.6501312,415,584402.125,,33.48600006,23.69499969,13.90400028,40.90299988,4.948999882,Natural,1915.027454,0.169348304
2020,RANCH2,8/13/2020,4237,34.15672488,-117.9107121,Los Angeles County,POINT (-117.91069999 34.15671999400007),221.8201752,224,322682.0938,,31.63899994,25.23839951,18.83799934,34.50400162,9.142999649,Human,2637.244903,0.667239755
2020,SANDERSON,12/13/2020,1933,33.90927953,-117.0322371,Riverside County,POINT (-117.032225121 33.90927462200005),92.60256195,643,557466.875,310.5149841,25.80340004,18.59259987,11.38210011,28.55060005,4.743999958,Human,1959.377877,0.199923163
2020,CREEK 5,12/24/2020,4276,33.40265083,-117.266807,San Diego County,POINT (-117.26679499 33.40264599400007),232.1250153,136,1443078.125,380.381897,24.37579918,18.20339966,12.03119946,20.38529968,2.319499969,Missing data/not specified/undetermined,2827.760207,0.798579619
2020,INDIA,6/9/2020,1100,33.37917152,-117.3508453,San Diego County,POINT (-117.350833297 33.37916669100008),106.3895416,298,1794208.875,,27.04899979,21.50090027,15.95300007,17.87599945,1.437000036,Missing data/not specified/undetermined,1931.534888,0.180728409
2020,BENA,7/1/2020,2900,35.31833826,-118.7083457,Kern County,POINT (-118.708333295 35.31833329500006),93.30186462,323,1318478.5,,35.81600189,27.85949898,19.90299988,45.65499878,12.67300034,Missing data/not specified/undetermined,2019.270078,0.24121241
2020,FIVE,5/3/2020,2000,36.05361606,-120.0639016,Kings County,POINT (-120.063888884 36.05361110700005),41.76029968,187,950175.125,,32.01200104,25.4489994,18.88599968,37.76100159,13.16699982,Human,2086.391016,0.287485096
2020,HILLS,8/15/2020,2121,36.07516294,-120.2306937,Fresno County,POINT (-120.2306809949999 36.07515799600003),270,198,0,,34.00400162,25.09549904,16.18700027,41.3030014,7.162000179,Missing data/not specified/undetermined,2241.767226,0.394600324
2020,SODA,6/10/2020,1672,35.35130089,-119.9560276,San Luis Obispo County,POINT (-119.956014999 35.35129599900006),294.4439697,651,305861.3438,,34.84500122,23.1420002,11.43900013,46.8030014,4.69299984,Human,1802.753355,0.091947358
2020,BRANCH,7/28/2020,3022,35.35148388,-120.0052416,San Luis Obispo County,POINT (-120.005228991 35.35147899200007),213.6900635,612,91268.27344,0.713,36.47800064,25.06299973,13.64799976,50.47800064,4.69299984,Missing data/not specified/undetermined,2319.532816,0.448211356
2020,POND,8/1/2020,1962,35.41634186,-120.4557217,San Luis Obispo County,POINT (-120.455708993 35.41633699400006),14.80837727,522,1138956.25,,34.41400146,21.61299896,8.812000275,46.04800034,2.289999962,Missing data/not specified/undetermined,1929.431905,0.179278628
2020,SOLEDAD,7/5/2020,1525,34.46642489,-118.3295622,Los Angeles County,POINT (-118.329549994 34.46641999400003),215.7164459,659,1886220.5,,34.61999893,26.6738987,18.72800064,44.39400101,8.793999672,Missing data/not specified/undetermined,1805.033736,0.093519436
2020,HOLSER,8/17/2020,2151,34.44083816,-118.7461234,Ventura County,POINT (-118.746111097 34.44083329100005),207.0505981,289,1335859.5,,34.11899948,25.38189888,16.64500046,45.29600143,7.660999775,Human,2001.930753,0.229258806
2020,SCORPION,5/31/2020,1395,34.04211478,-119.5432124,Santa Barbara County,POINT (-119.5432 34.04210999900005),329.8983154,77,1815138.125,1.950999975,23.01099968,18.60789871,14.20499992,13.20300007,1.769999981,Human,2504.629114,0.575815396
2020,LAURA 2,11/17/2020,2729,40.03824531,-120.1095451,Lassen County,POINT (-120.109531999 40.03823999900004),40.60129547,1292,233376.7813,26.89900017,7.040999889,1.000399947,-5.039999962,5.967999935,0.653999984,Human,2329.886557,0.455349149
2020,FORK,9/8/2020,1673,38.99021619,-120.394155,El Dorado County,POINT (-120.394141991 38.99021099100003),146.3099365,1708,730146.1875,,21.95999908,15.33139992,8.703000069,22.76600075,7.074999809,Natural,1811.773028,0.098165455
2020,BEACH,8/16/2020,3780,37.9293752,-118.9833127,Mono County,POINT (-118.9833 37.92936999200003),327.8042603,2015,403823.9375,1.394999981,25.49699974,16.21240044,6.927999973,29.14500046,4.597000122,Natural,2013.082597,0.236946806
2020,WOLF,8/11/2020,2057,37.88156515,-119.6430128,Tuolumne County,POINT (-119.6429999969999 37.88155999500003),237.7575378,2431,972668.625,7.629000187,22.58399963,14.51139927,6.43900013,22.96500015,4.275000095,Natural,1832.591719,0.112517709
2020,MOC,8/20/2020,2857,37.8045611,-120.2944279,Tuolumne County,POINT (-120.29441499 37.80455599900006),59.79676056,304,981195.1875,0.321999997,32.46500015,24.00090027,15.5369997,39.58399963,7.59100008,Missing data/not specified/undetermined,2246.532984,0.397885803
2020,BULLFROG,9/8/2020,1185,37.14127512,-119.0253126,Fresno County,POINT (-119.0252999909999 37.14126999200005),122.2756424,2690,1706534.625,,15.18099976,9.821399689,4.461999893,14.14900017,5.31400013,Missing data/not specified/undetermined,1809.237446,0.096417443
2020,MORAINE,8/21/2020,1316,36.71784511,-118.5573125,Tulare County,POINT (-118.5572999939999 36.71783999200005),225,2691,196891,,20.77499962,14.62739944,8.479999542,20.61300087,6.453000069,Natural,1850.221402,0.124671484
2020,GRADE,6/22/2020,1050,36.56737506,-119.1832116,Tulare County,POINT (-119.1831989949999 36.56736999900005),156.1612549,304,594996.375,,36.67699814,28.54489899,20.41300011,49.56299973,12.35099983,Missing data/not specified/undetermined,1889.278562,0.151597206
2020,WILLOW,9/9/2020,1311,39.38133215,-121.3311932,Yuba County,POINT (-121.331179993 39.38132699100004),225,521,2273196,,28.95599937,21.12889862,13.30200005,33.93999863,8.442000389,Missing data/not specified/undetermined,1757.971791,0.061075274
2020,1-Dec,8/24/2020,1011,39.96517218,-121.5823464,Butte County,POINT (-121.5823329949999 39.96516699400007),225,1137,2112103.5,,29.5720005,23.33339882,17.09499931,34.19400024,11.80500031,Missing data/not specified/undetermined,1669.378929,0
2020,SALT,8/18/2020,1789,38.02578908,-120.760609,Calaveras County,POINT (-120.76059599 38.02578399300006),13.27639675,338,1157372.75,,32.3429985,24.18540001,16.02799988,38.38100052,7.635000229,Missing data/not specified/undetermined,1829.996073,0.11072829
2020,COYOTE,7/15/2020,1508,36.67477194,-121.0204459,San Benito County,POINT (-121.020433 36.67476699300005),144.7436371,906,1797954.75,,32.45000076,26.9394989,21.42900085,37.1609993,14.12699986,Missing data/not specified/undetermined,1790.811156,0.083714493
2020,PASS,6/28/2020,2192,37.06812896,-121.213208,Santa Clara County,POINT (-121.2131949979999 37.06812399000006),329.0362549,416,295200.875,,32.18500137,25.62049866,19.05599976,37.73899841,11.82199955,Missing data/not specified/undetermined,1979.245793,0.21361996
2020,AUGUST COMPLEX,8/16/2020,1221.9,39.59639396,-122.7475135,Glenn County,POINT (-122.747499998 39.59638889700005),294.9217834,1585,2763323,,26.67399979,21.80550003,16.93700027,27.84399986,11.31299973,Natural,1885.31598,0.148865431
2020,AUGUST COMPLEX,8/19/2020,1220,40.08723508,-122.9840136,Trinity County,POINT (-122.983999996 40.08723000000003),7.853313446,1833,741034.75,,23.49699974,17.90589905,12.31499958,21.81399918,7.403999805,Natural,1798.599915,0.089084007
2020,,9/7/2020,1100,39.48897,-123.3910006,Mendocino County,POINT (-123.390986998 39.48896499700004),182.2103119,478,3609826,3.26699996,27.62899971,17.46439934,7.300000191,30.05800056,2.246000051,Natural,1926.273807,0.177101458
2020,QUAIL,6/6/2020,1837,38.47049002,-122.0480182,Solano County,POINT (-122.048004998 38.47048499100003),146.3099365,75,91268.27344,,35.30899811,24.86839867,14.42800045,43.61800003,4.486000061,Missing data/not specified/undetermined,2112.823373,0.305707371
2020,WOODWARD,8/18/2020,4929,38.01833823,-122.8389022,Marin County,POINT (-122.838888894 38.01833329700003),272.4263306,136,2989645.5,0.018999999,21.61800003,17.39139938,13.16499996,15.85000038,1.491000056,Natural,2894.122864,0.844329551
2020,DALTON,7/23/2020,1367,41.73743536,-121.0580135,Modoc County,POINT (-121.057999998 41.73742999300003),270,1421,126566.3281,0.94599998,30.25300026,19.90950012,9.565999985,35.4109993,3.66899991,Natural,2006.337996,0.232297127
2020,ALLEN,7/21/2020,1035,41.36444933,-121.0911135,Modoc County,POINT (-121.0911 41.36444399400006),318.4473877,1341,1488325.25,3.395999908,30.82099915,21.12489891,11.4289999,36.79199982,5.875,Natural,1726.097468,0.039101348
2020,,7/28/2020,1000,41.79301532,-121.5645136,Siskiyou County,POINT (-121.564499999 41.79300999300006),122.9492188,1323,3257847.75,3.732000113,30.27000046,19.95549965,9.640999794,34.3730011,2.992000103,Natural,2014.963161,0.238243253
2020,FOX,9/14/2020,2188,41.21180517,-122.8465637,Siskiyou County,POINT (-122.846549992 41.21179999800006),353.8677673,2003,1540265.875,3.584000111,16.69099998,11.53899956,6.387000084,13.34700012,5.203000069,Human,2058.276655,0.268103261
2020,IVANPAH,6/22/2020,1088,35.17203516,-115.1952117,San Bernardino County,POINT (-115.195199991 35.17202999800003),63.43494797,1290,169806.5469,,34.71900177,27.61599922,20.51300049,50.13899994,19.39800072,Missing data/not specified/undetermined,1946.238887,0.190865239
2019,MCMILLAN,6/12/2019,1764,35.66194439,-120.4044444,San Luis Obispo County,POINT (-120.404431718 35.66193949700005),168.6900635,303,322682.0938,,34.58200073,23.25349998,11.92500019,45.37599945,3.042000055,Missing data/not specified/undetermined,1954.580738,0.19661605
2019,LONOAK,6/25/2019,2546,36.2772222,-120.9430556,Monterey County,POINT (-120.943042763 36.27721728400007),326.5346069,283,895138.0625,,34.77500153,23.42549896,12.07600021,45.00299835,2.309999943,Missing data/not specified/undetermined,2114.930071,0.307159713
2019,BORDER 8,8/14/2019,1507,32.5727778,-116.6997222,San Diego County,POINT (-116.699710389 32.57277303300003),219.0352936,925.3583984,3657776.5,16.62100029,30.45999908,22.44689941,14.43400002,31.25399971,2.60800004,Missing data/not specified/undetermined,1830.83776,0.111308542
2019,EASY,10/30/2019,1806,34.2816667,-118.8030556,Ventura County,POINT (-118.8030433009999 34.28166185100002),243.9704132,218,605669.8125,53.24100113,23.30800056,16.59000015,9.871999741,23.04400063,4.623000145,Missing data/not specified/undetermined,2095.586662,0.293824508
2019,SANDALWOOD,10/10/2019,1011,33.99245999,-117.05921,Riverside County,POINT (-117.0591980199999 33.99245507400008),199.3589935,719,496359.5,81.87200165,22.70299911,15.96889973,9.234999657,24.95999908,7.114999771,Missing data/not specified/undetermined,1733.613671,0.044282963
2019,ROCK,6/25/2019,2422,37.4722222,-121.2494444,Stanislaus County,POINT (-121.249431397 37.47221719700008),220.1147919,203,4203679,,31.96199989,24.11949921,16.27700043,35.71099854,6.419000149,Missing data/not specified/undetermined,2323.767486,0.451130706
